SET NAMES utf8mb4;
-- 1. 사용자 테이블 생성
CREATE TABLE IF NOT EXISTS users (
    user_id VARCHAR(36) PRIMARY KEY,
    email VARCHAR(100) NOT NULL,
    password VARCHAR(255) NOT NULL,
    name VARCHAR(50) NOT NULL,
    created_at TIMESTAMP NOT NULL DEFAULT CURRENT_TIMESTAMP,
    CONSTRAINT uq_users_email UNIQUE (email)
) ENGINE=InnoDB DEFAULT CHARSET=utf8mb4 COLLATE=utf8mb4_unicode_ci;

-- 2. 공연 테이블 생성
CREATE TABLE IF NOT EXISTS shows (
    show_id BIGINT AUTO_INCREMENT PRIMARY KEY,
    title VARCHAR(255) NOT NULL,
    venue VARCHAR(100) NOT NULL,
    created_at TIMESTAMP NOT NULL DEFAULT CURRENT_TIMESTAMP,
    updated_at TIMESTAMP NOT NULL DEFAULT CURRENT_TIMESTAMP ON UPDATE CURRENT_TIMESTAMP
) ENGINE=InnoDB DEFAULT CHARSET=utf8mb4 COLLATE=utf8mb4_unicode_ci;

-- 3. 좌석 테이블 생성
CREATE TABLE IF NOT EXISTS seats (
    seat_id BIGINT AUTO_INCREMENT PRIMARY KEY,
    show_id BIGINT NOT NULL,
    seat_number VARCHAR(20) NOT NULL,
    price INT NOT NULL,
    status VARCHAR(20) NOT NULL DEFAULT 'AVAILABLE',
    version BIGINT NOT NULL DEFAULT 0,
    created_at TIMESTAMP(6) NOT NULL DEFAULT CURRENT_TIMESTAMP(6),
    updated_at TIMESTAMP(6) NOT NULL DEFAULT CURRENT_TIMESTAMP(6) ON UPDATE CURRENT_TIMESTAMP(6),
    FOREIGN KEY (show_id) REFERENCES shows(show_id)
) ENGINE=InnoDB DEFAULT CHARSET=utf8mb4 COLLATE=utf8mb4_unicode_ci;

CREATE INDEX idx_seats_show_status ON seats (show_id, status);

-- 3-1. 좌석 등급 테이블 (SeatGrade 엔티티 매핑)
CREATE TABLE IF NOT EXISTS seat_grades (
    id BIGINT AUTO_INCREMENT PRIMARY KEY,
    show_id BIGINT,
    grade_name VARCHAR(255),
    price INT,
    total_seats INT,
    remaining_seats INT
) ENGINE=InnoDB DEFAULT CHARSET=utf8mb4 COLLATE=utf8mb4_unicode_ci;

CREATE INDEX idx_seat_grades_show ON seat_grades (show_id);

-- 4. 예매 테이블 생성
CREATE TABLE IF NOT EXISTS bookings (
    booking_id VARCHAR(36) PRIMARY KEY,
    seat_id BIGINT NOT NULL,
    user_id VARCHAR(36) NOT NULL,
    booked_at TIMESTAMP NOT NULL DEFAULT CURRENT_TIMESTAMP,
    FOREIGN KEY (seat_id) REFERENCES seats(seat_id),
    FOREIGN KEY (user_id) REFERENCES users(user_id),
    CONSTRAINT uq_bookings_seat UNIQUE (seat_id)
) ENGINE=InnoDB DEFAULT CHARSET=utf8mb4 COLLATE=utf8mb4_unicode_ci;

CREATE INDEX idx_bookings_user_id ON bookings (user_id);

-- ==========================================
-- 5. 시드 데이터
-- ==========================================

-- 테스트 유저 (비밀번호: password)
INSERT INTO users (user_id, email, password, name)
VALUES ('7f66a33c-31a8-4c12-9c16-950c40cf12a1', 'user@example.com', '$2a$10$dXJ3SWoGD7Y759vA1OBMse7Fi7W7QKBjY7B6M62aT81q5Zc8M15oG', '테스트유저')
ON DUPLICATE KEY UPDATE name=name;

-- 테스트 공연 2개
INSERT INTO shows (show_id, title, venue)
VALUES (1, '임영웅 콘서트 IM HERO', '서울월드컵경기장')
ON DUPLICATE KEY UPDATE title=title;
INSERT INTO shows (show_id, title, venue)
VALUES (2, '싸이 흠뻑쇼 SUMMERSWAG', '잠실종합운동장')
ON DUPLICATE KEY UPDATE title=title;

-- 좌석 등급 (공연당 VIP/R/S 각 120석, seats.price와 일치)
INSERT INTO seat_grades (id, grade_name, price, total_seats, remaining_seats, show_id) VALUES
(1, 'VIP', 165000, 120, 120, 1),
(2, 'R', 132000, 120, 120, 1),
(3, 'S', 99000, 120, 120, 1),
(4, 'VIP', 165000, 120, 120, 2),
(5, 'R', 132000, 120, 120, 2),
(6, 'S', 99000, 120, 120, 2);

-- 좌석: 공연당 360석 (구역 A/B/C 각 120: 1F VIP40 / 2F R40+S40)
INSERT INTO seats (seat_id, show_id, seat_number, price, status) VALUES
(1, 1, 'V-A-1', 165000, 'AVAILABLE'),
(2, 1, 'V-A-2', 165000, 'AVAILABLE'),
(3, 1, 'V-A-3', 165000, 'AVAILABLE'),
(4, 1, 'V-A-4', 165000, 'AVAILABLE'),
(5, 1, 'V-A-5', 165000, 'AVAILABLE'),
(6, 1, 'V-A-6', 165000, 'AVAILABLE'),
(7, 1, 'V-A-7', 165000, 'AVAILABLE'),
(8, 1, 'V-A-8', 165000, 'AVAILABLE'),
(9, 1, 'V-A-9', 165000, 'AVAILABLE'),
(10, 1, 'V-A-10', 165000, 'AVAILABLE'),
(11, 1, 'V-A-11', 165000, 'AVAILABLE'),
(12, 1, 'V-A-12', 165000, 'AVAILABLE'),
(13, 1, 'V-A-13', 165000, 'AVAILABLE'),
(14, 1, 'V-A-14', 165000, 'AVAILABLE'),
(15, 1, 'V-A-15', 165000, 'AVAILABLE'),
(16, 1, 'V-A-16', 165000, 'AVAILABLE'),
(17, 1, 'V-A-17', 165000, 'AVAILABLE'),
(18, 1, 'V-A-18', 165000, 'AVAILABLE'),
(19, 1, 'V-A-19', 165000, 'AVAILABLE'),
(20, 1, 'V-A-20', 165000, 'AVAILABLE'),
(21, 1, 'V-A-21', 165000, 'AVAILABLE'),
(22, 1, 'V-A-22', 165000, 'AVAILABLE'),
(23, 1, 'V-A-23', 165000, 'AVAILABLE'),
(24, 1, 'V-A-24', 165000, 'AVAILABLE'),
(25, 1, 'V-A-25', 165000, 'AVAILABLE'),
(26, 1, 'V-A-26', 165000, 'AVAILABLE'),
(27, 1, 'V-A-27', 165000, 'AVAILABLE'),
(28, 1, 'V-A-28', 165000, 'AVAILABLE'),
(29, 1, 'V-A-29', 165000, 'AVAILABLE'),
(30, 1, 'V-A-30', 165000, 'AVAILABLE'),
(31, 1, 'V-A-31', 165000, 'AVAILABLE'),
(32, 1, 'V-A-32', 165000, 'AVAILABLE'),
(33, 1, 'V-A-33', 165000, 'AVAILABLE'),
(34, 1, 'V-A-34', 165000, 'AVAILABLE'),
(35, 1, 'V-A-35', 165000, 'AVAILABLE'),
(36, 1, 'V-A-36', 165000, 'AVAILABLE'),
(37, 1, 'V-A-37', 165000, 'AVAILABLE'),
(38, 1, 'V-A-38', 165000, 'AVAILABLE'),
(39, 1, 'V-A-39', 165000, 'AVAILABLE'),
(40, 1, 'V-A-40', 165000, 'AVAILABLE'),
(41, 1, 'V-B-1', 165000, 'AVAILABLE'),
(42, 1, 'V-B-2', 165000, 'AVAILABLE'),
(43, 1, 'V-B-3', 165000, 'AVAILABLE'),
(44, 1, 'V-B-4', 165000, 'AVAILABLE'),
(45, 1, 'V-B-5', 165000, 'AVAILABLE'),
(46, 1, 'V-B-6', 165000, 'AVAILABLE'),
(47, 1, 'V-B-7', 165000, 'AVAILABLE'),
(48, 1, 'V-B-8', 165000, 'AVAILABLE'),
(49, 1, 'V-B-9', 165000, 'AVAILABLE'),
(50, 1, 'V-B-10', 165000, 'AVAILABLE'),
(51, 1, 'V-B-11', 165000, 'AVAILABLE'),
(52, 1, 'V-B-12', 165000, 'AVAILABLE'),
(53, 1, 'V-B-13', 165000, 'AVAILABLE'),
(54, 1, 'V-B-14', 165000, 'AVAILABLE'),
(55, 1, 'V-B-15', 165000, 'AVAILABLE'),
(56, 1, 'V-B-16', 165000, 'AVAILABLE'),
(57, 1, 'V-B-17', 165000, 'AVAILABLE'),
(58, 1, 'V-B-18', 165000, 'AVAILABLE'),
(59, 1, 'V-B-19', 165000, 'AVAILABLE'),
(60, 1, 'V-B-20', 165000, 'AVAILABLE'),
(61, 1, 'V-B-21', 165000, 'AVAILABLE'),
(62, 1, 'V-B-22', 165000, 'AVAILABLE'),
(63, 1, 'V-B-23', 165000, 'AVAILABLE'),
(64, 1, 'V-B-24', 165000, 'AVAILABLE'),
(65, 1, 'V-B-25', 165000, 'AVAILABLE'),
(66, 1, 'V-B-26', 165000, 'AVAILABLE'),
(67, 1, 'V-B-27', 165000, 'AVAILABLE'),
(68, 1, 'V-B-28', 165000, 'AVAILABLE'),
(69, 1, 'V-B-29', 165000, 'AVAILABLE'),
(70, 1, 'V-B-30', 165000, 'AVAILABLE'),
(71, 1, 'V-B-31', 165000, 'AVAILABLE'),
(72, 1, 'V-B-32', 165000, 'AVAILABLE'),
(73, 1, 'V-B-33', 165000, 'AVAILABLE'),
(74, 1, 'V-B-34', 165000, 'AVAILABLE'),
(75, 1, 'V-B-35', 165000, 'AVAILABLE'),
(76, 1, 'V-B-36', 165000, 'AVAILABLE'),
(77, 1, 'V-B-37', 165000, 'AVAILABLE'),
(78, 1, 'V-B-38', 165000, 'AVAILABLE'),
(79, 1, 'V-B-39', 165000, 'AVAILABLE'),
(80, 1, 'V-B-40', 165000, 'AVAILABLE'),
(81, 1, 'V-C-1', 165000, 'AVAILABLE'),
(82, 1, 'V-C-2', 165000, 'AVAILABLE'),
(83, 1, 'V-C-3', 165000, 'AVAILABLE'),
(84, 1, 'V-C-4', 165000, 'AVAILABLE'),
(85, 1, 'V-C-5', 165000, 'AVAILABLE'),
(86, 1, 'V-C-6', 165000, 'AVAILABLE'),
(87, 1, 'V-C-7', 165000, 'AVAILABLE'),
(88, 1, 'V-C-8', 165000, 'AVAILABLE'),
(89, 1, 'V-C-9', 165000, 'AVAILABLE'),
(90, 1, 'V-C-10', 165000, 'AVAILABLE'),
(91, 1, 'V-C-11', 165000, 'AVAILABLE'),
(92, 1, 'V-C-12', 165000, 'AVAILABLE'),
(93, 1, 'V-C-13', 165000, 'AVAILABLE'),
(94, 1, 'V-C-14', 165000, 'AVAILABLE'),
(95, 1, 'V-C-15', 165000, 'AVAILABLE'),
(96, 1, 'V-C-16', 165000, 'AVAILABLE'),
(97, 1, 'V-C-17', 165000, 'AVAILABLE'),
(98, 1, 'V-C-18', 165000, 'AVAILABLE'),
(99, 1, 'V-C-19', 165000, 'AVAILABLE'),
(100, 1, 'V-C-20', 165000, 'AVAILABLE'),
(101, 1, 'V-C-21', 165000, 'AVAILABLE'),
(102, 1, 'V-C-22', 165000, 'AVAILABLE'),
(103, 1, 'V-C-23', 165000, 'AVAILABLE'),
(104, 1, 'V-C-24', 165000, 'AVAILABLE'),
(105, 1, 'V-C-25', 165000, 'AVAILABLE'),
(106, 1, 'V-C-26', 165000, 'AVAILABLE'),
(107, 1, 'V-C-27', 165000, 'AVAILABLE'),
(108, 1, 'V-C-28', 165000, 'AVAILABLE'),
(109, 1, 'V-C-29', 165000, 'AVAILABLE'),
(110, 1, 'V-C-30', 165000, 'AVAILABLE'),
(111, 1, 'V-C-31', 165000, 'AVAILABLE'),
(112, 1, 'V-C-32', 165000, 'AVAILABLE'),
(113, 1, 'V-C-33', 165000, 'AVAILABLE'),
(114, 1, 'V-C-34', 165000, 'AVAILABLE'),
(115, 1, 'V-C-35', 165000, 'AVAILABLE'),
(116, 1, 'V-C-36', 165000, 'AVAILABLE'),
(117, 1, 'V-C-37', 165000, 'AVAILABLE'),
(118, 1, 'V-C-38', 165000, 'AVAILABLE'),
(119, 1, 'V-C-39', 165000, 'AVAILABLE'),
(120, 1, 'V-C-40', 165000, 'AVAILABLE'),
(121, 1, 'R-A-1', 132000, 'AVAILABLE'),
(122, 1, 'R-A-2', 132000, 'AVAILABLE'),
(123, 1, 'R-A-3', 132000, 'AVAILABLE'),
(124, 1, 'R-A-4', 132000, 'AVAILABLE'),
(125, 1, 'R-A-5', 132000, 'AVAILABLE'),
(126, 1, 'R-A-6', 132000, 'AVAILABLE'),
(127, 1, 'R-A-7', 132000, 'AVAILABLE'),
(128, 1, 'R-A-8', 132000, 'AVAILABLE'),
(129, 1, 'R-A-9', 132000, 'AVAILABLE'),
(130, 1, 'R-A-10', 132000, 'AVAILABLE'),
(131, 1, 'R-A-11', 132000, 'AVAILABLE'),
(132, 1, 'R-A-12', 132000, 'AVAILABLE'),
(133, 1, 'R-A-13', 132000, 'AVAILABLE'),
(134, 1, 'R-A-14', 132000, 'AVAILABLE'),
(135, 1, 'R-A-15', 132000, 'AVAILABLE'),
(136, 1, 'R-A-16', 132000, 'AVAILABLE'),
(137, 1, 'R-A-17', 132000, 'AVAILABLE'),
(138, 1, 'R-A-18', 132000, 'AVAILABLE'),
(139, 1, 'R-A-19', 132000, 'AVAILABLE'),
(140, 1, 'R-A-20', 132000, 'AVAILABLE'),
(141, 1, 'R-A-21', 132000, 'AVAILABLE'),
(142, 1, 'R-A-22', 132000, 'AVAILABLE'),
(143, 1, 'R-A-23', 132000, 'AVAILABLE'),
(144, 1, 'R-A-24', 132000, 'AVAILABLE'),
(145, 1, 'R-A-25', 132000, 'AVAILABLE'),
(146, 1, 'R-A-26', 132000, 'AVAILABLE'),
(147, 1, 'R-A-27', 132000, 'AVAILABLE'),
(148, 1, 'R-A-28', 132000, 'AVAILABLE'),
(149, 1, 'R-A-29', 132000, 'AVAILABLE'),
(150, 1, 'R-A-30', 132000, 'AVAILABLE'),
(151, 1, 'R-A-31', 132000, 'AVAILABLE'),
(152, 1, 'R-A-32', 132000, 'AVAILABLE'),
(153, 1, 'R-A-33', 132000, 'AVAILABLE'),
(154, 1, 'R-A-34', 132000, 'AVAILABLE'),
(155, 1, 'R-A-35', 132000, 'AVAILABLE'),
(156, 1, 'R-A-36', 132000, 'AVAILABLE'),
(157, 1, 'R-A-37', 132000, 'AVAILABLE'),
(158, 1, 'R-A-38', 132000, 'AVAILABLE'),
(159, 1, 'R-A-39', 132000, 'AVAILABLE'),
(160, 1, 'R-A-40', 132000, 'AVAILABLE'),
(161, 1, 'R-B-1', 132000, 'AVAILABLE'),
(162, 1, 'R-B-2', 132000, 'AVAILABLE'),
(163, 1, 'R-B-3', 132000, 'AVAILABLE'),
(164, 1, 'R-B-4', 132000, 'AVAILABLE'),
(165, 1, 'R-B-5', 132000, 'AVAILABLE'),
(166, 1, 'R-B-6', 132000, 'AVAILABLE'),
(167, 1, 'R-B-7', 132000, 'AVAILABLE'),
(168, 1, 'R-B-8', 132000, 'AVAILABLE'),
(169, 1, 'R-B-9', 132000, 'AVAILABLE'),
(170, 1, 'R-B-10', 132000, 'AVAILABLE'),
(171, 1, 'R-B-11', 132000, 'AVAILABLE'),
(172, 1, 'R-B-12', 132000, 'AVAILABLE'),
(173, 1, 'R-B-13', 132000, 'AVAILABLE'),
(174, 1, 'R-B-14', 132000, 'AVAILABLE'),
(175, 1, 'R-B-15', 132000, 'AVAILABLE'),
(176, 1, 'R-B-16', 132000, 'AVAILABLE'),
(177, 1, 'R-B-17', 132000, 'AVAILABLE'),
(178, 1, 'R-B-18', 132000, 'AVAILABLE'),
(179, 1, 'R-B-19', 132000, 'AVAILABLE'),
(180, 1, 'R-B-20', 132000, 'AVAILABLE'),
(181, 1, 'R-B-21', 132000, 'AVAILABLE'),
(182, 1, 'R-B-22', 132000, 'AVAILABLE'),
(183, 1, 'R-B-23', 132000, 'AVAILABLE'),
(184, 1, 'R-B-24', 132000, 'AVAILABLE'),
(185, 1, 'R-B-25', 132000, 'AVAILABLE'),
(186, 1, 'R-B-26', 132000, 'AVAILABLE'),
(187, 1, 'R-B-27', 132000, 'AVAILABLE'),
(188, 1, 'R-B-28', 132000, 'AVAILABLE'),
(189, 1, 'R-B-29', 132000, 'AVAILABLE'),
(190, 1, 'R-B-30', 132000, 'AVAILABLE'),
(191, 1, 'R-B-31', 132000, 'AVAILABLE'),
(192, 1, 'R-B-32', 132000, 'AVAILABLE'),
(193, 1, 'R-B-33', 132000, 'AVAILABLE'),
(194, 1, 'R-B-34', 132000, 'AVAILABLE'),
(195, 1, 'R-B-35', 132000, 'AVAILABLE'),
(196, 1, 'R-B-36', 132000, 'AVAILABLE'),
(197, 1, 'R-B-37', 132000, 'AVAILABLE'),
(198, 1, 'R-B-38', 132000, 'AVAILABLE'),
(199, 1, 'R-B-39', 132000, 'AVAILABLE'),
(200, 1, 'R-B-40', 132000, 'AVAILABLE'),
(201, 1, 'R-C-1', 132000, 'AVAILABLE'),
(202, 1, 'R-C-2', 132000, 'AVAILABLE'),
(203, 1, 'R-C-3', 132000, 'AVAILABLE'),
(204, 1, 'R-C-4', 132000, 'AVAILABLE'),
(205, 1, 'R-C-5', 132000, 'AVAILABLE'),
(206, 1, 'R-C-6', 132000, 'AVAILABLE'),
(207, 1, 'R-C-7', 132000, 'AVAILABLE'),
(208, 1, 'R-C-8', 132000, 'AVAILABLE'),
(209, 1, 'R-C-9', 132000, 'AVAILABLE'),
(210, 1, 'R-C-10', 132000, 'AVAILABLE'),
(211, 1, 'R-C-11', 132000, 'AVAILABLE'),
(212, 1, 'R-C-12', 132000, 'AVAILABLE'),
(213, 1, 'R-C-13', 132000, 'AVAILABLE'),
(214, 1, 'R-C-14', 132000, 'AVAILABLE'),
(215, 1, 'R-C-15', 132000, 'AVAILABLE'),
(216, 1, 'R-C-16', 132000, 'AVAILABLE'),
(217, 1, 'R-C-17', 132000, 'AVAILABLE'),
(218, 1, 'R-C-18', 132000, 'AVAILABLE'),
(219, 1, 'R-C-19', 132000, 'AVAILABLE'),
(220, 1, 'R-C-20', 132000, 'AVAILABLE'),
(221, 1, 'R-C-21', 132000, 'AVAILABLE'),
(222, 1, 'R-C-22', 132000, 'AVAILABLE'),
(223, 1, 'R-C-23', 132000, 'AVAILABLE'),
(224, 1, 'R-C-24', 132000, 'AVAILABLE'),
(225, 1, 'R-C-25', 132000, 'AVAILABLE'),
(226, 1, 'R-C-26', 132000, 'AVAILABLE'),
(227, 1, 'R-C-27', 132000, 'AVAILABLE'),
(228, 1, 'R-C-28', 132000, 'AVAILABLE'),
(229, 1, 'R-C-29', 132000, 'AVAILABLE'),
(230, 1, 'R-C-30', 132000, 'AVAILABLE'),
(231, 1, 'R-C-31', 132000, 'AVAILABLE'),
(232, 1, 'R-C-32', 132000, 'AVAILABLE'),
(233, 1, 'R-C-33', 132000, 'AVAILABLE'),
(234, 1, 'R-C-34', 132000, 'AVAILABLE'),
(235, 1, 'R-C-35', 132000, 'AVAILABLE'),
(236, 1, 'R-C-36', 132000, 'AVAILABLE'),
(237, 1, 'R-C-37', 132000, 'AVAILABLE'),
(238, 1, 'R-C-38', 132000, 'AVAILABLE'),
(239, 1, 'R-C-39', 132000, 'AVAILABLE'),
(240, 1, 'R-C-40', 132000, 'AVAILABLE'),
(241, 1, 'S-A-1', 99000, 'AVAILABLE'),
(242, 1, 'S-A-2', 99000, 'AVAILABLE'),
(243, 1, 'S-A-3', 99000, 'AVAILABLE'),
(244, 1, 'S-A-4', 99000, 'AVAILABLE'),
(245, 1, 'S-A-5', 99000, 'AVAILABLE'),
(246, 1, 'S-A-6', 99000, 'AVAILABLE'),
(247, 1, 'S-A-7', 99000, 'AVAILABLE'),
(248, 1, 'S-A-8', 99000, 'AVAILABLE'),
(249, 1, 'S-A-9', 99000, 'AVAILABLE'),
(250, 1, 'S-A-10', 99000, 'AVAILABLE'),
(251, 1, 'S-A-11', 99000, 'AVAILABLE'),
(252, 1, 'S-A-12', 99000, 'AVAILABLE'),
(253, 1, 'S-A-13', 99000, 'AVAILABLE'),
(254, 1, 'S-A-14', 99000, 'AVAILABLE'),
(255, 1, 'S-A-15', 99000, 'AVAILABLE'),
(256, 1, 'S-A-16', 99000, 'AVAILABLE'),
(257, 1, 'S-A-17', 99000, 'AVAILABLE'),
(258, 1, 'S-A-18', 99000, 'AVAILABLE'),
(259, 1, 'S-A-19', 99000, 'AVAILABLE'),
(260, 1, 'S-A-20', 99000, 'AVAILABLE'),
(261, 1, 'S-A-21', 99000, 'AVAILABLE'),
(262, 1, 'S-A-22', 99000, 'AVAILABLE'),
(263, 1, 'S-A-23', 99000, 'AVAILABLE'),
(264, 1, 'S-A-24', 99000, 'AVAILABLE'),
(265, 1, 'S-A-25', 99000, 'AVAILABLE'),
(266, 1, 'S-A-26', 99000, 'AVAILABLE'),
(267, 1, 'S-A-27', 99000, 'AVAILABLE'),
(268, 1, 'S-A-28', 99000, 'AVAILABLE'),
(269, 1, 'S-A-29', 99000, 'AVAILABLE'),
(270, 1, 'S-A-30', 99000, 'AVAILABLE'),
(271, 1, 'S-A-31', 99000, 'AVAILABLE'),
(272, 1, 'S-A-32', 99000, 'AVAILABLE'),
(273, 1, 'S-A-33', 99000, 'AVAILABLE'),
(274, 1, 'S-A-34', 99000, 'AVAILABLE'),
(275, 1, 'S-A-35', 99000, 'AVAILABLE'),
(276, 1, 'S-A-36', 99000, 'AVAILABLE'),
(277, 1, 'S-A-37', 99000, 'AVAILABLE'),
(278, 1, 'S-A-38', 99000, 'AVAILABLE'),
(279, 1, 'S-A-39', 99000, 'AVAILABLE'),
(280, 1, 'S-A-40', 99000, 'AVAILABLE'),
(281, 1, 'S-B-1', 99000, 'AVAILABLE'),
(282, 1, 'S-B-2', 99000, 'AVAILABLE'),
(283, 1, 'S-B-3', 99000, 'AVAILABLE'),
(284, 1, 'S-B-4', 99000, 'AVAILABLE'),
(285, 1, 'S-B-5', 99000, 'AVAILABLE'),
(286, 1, 'S-B-6', 99000, 'AVAILABLE'),
(287, 1, 'S-B-7', 99000, 'AVAILABLE'),
(288, 1, 'S-B-8', 99000, 'AVAILABLE'),
(289, 1, 'S-B-9', 99000, 'AVAILABLE'),
(290, 1, 'S-B-10', 99000, 'AVAILABLE'),
(291, 1, 'S-B-11', 99000, 'AVAILABLE'),
(292, 1, 'S-B-12', 99000, 'AVAILABLE'),
(293, 1, 'S-B-13', 99000, 'AVAILABLE'),
(294, 1, 'S-B-14', 99000, 'AVAILABLE'),
(295, 1, 'S-B-15', 99000, 'AVAILABLE'),
(296, 1, 'S-B-16', 99000, 'AVAILABLE'),
(297, 1, 'S-B-17', 99000, 'AVAILABLE'),
(298, 1, 'S-B-18', 99000, 'AVAILABLE'),
(299, 1, 'S-B-19', 99000, 'AVAILABLE'),
(300, 1, 'S-B-20', 99000, 'AVAILABLE'),
(301, 1, 'S-B-21', 99000, 'AVAILABLE'),
(302, 1, 'S-B-22', 99000, 'AVAILABLE'),
(303, 1, 'S-B-23', 99000, 'AVAILABLE'),
(304, 1, 'S-B-24', 99000, 'AVAILABLE'),
(305, 1, 'S-B-25', 99000, 'AVAILABLE'),
(306, 1, 'S-B-26', 99000, 'AVAILABLE'),
(307, 1, 'S-B-27', 99000, 'AVAILABLE'),
(308, 1, 'S-B-28', 99000, 'AVAILABLE'),
(309, 1, 'S-B-29', 99000, 'AVAILABLE'),
(310, 1, 'S-B-30', 99000, 'AVAILABLE'),
(311, 1, 'S-B-31', 99000, 'AVAILABLE'),
(312, 1, 'S-B-32', 99000, 'AVAILABLE'),
(313, 1, 'S-B-33', 99000, 'AVAILABLE'),
(314, 1, 'S-B-34', 99000, 'AVAILABLE'),
(315, 1, 'S-B-35', 99000, 'AVAILABLE'),
(316, 1, 'S-B-36', 99000, 'AVAILABLE'),
(317, 1, 'S-B-37', 99000, 'AVAILABLE'),
(318, 1, 'S-B-38', 99000, 'AVAILABLE'),
(319, 1, 'S-B-39', 99000, 'AVAILABLE'),
(320, 1, 'S-B-40', 99000, 'AVAILABLE'),
(321, 1, 'S-C-1', 99000, 'AVAILABLE'),
(322, 1, 'S-C-2', 99000, 'AVAILABLE'),
(323, 1, 'S-C-3', 99000, 'AVAILABLE'),
(324, 1, 'S-C-4', 99000, 'AVAILABLE'),
(325, 1, 'S-C-5', 99000, 'AVAILABLE'),
(326, 1, 'S-C-6', 99000, 'AVAILABLE'),
(327, 1, 'S-C-7', 99000, 'AVAILABLE'),
(328, 1, 'S-C-8', 99000, 'AVAILABLE'),
(329, 1, 'S-C-9', 99000, 'AVAILABLE'),
(330, 1, 'S-C-10', 99000, 'AVAILABLE'),
(331, 1, 'S-C-11', 99000, 'AVAILABLE'),
(332, 1, 'S-C-12', 99000, 'AVAILABLE'),
(333, 1, 'S-C-13', 99000, 'AVAILABLE'),
(334, 1, 'S-C-14', 99000, 'AVAILABLE'),
(335, 1, 'S-C-15', 99000, 'AVAILABLE'),
(336, 1, 'S-C-16', 99000, 'AVAILABLE'),
(337, 1, 'S-C-17', 99000, 'AVAILABLE'),
(338, 1, 'S-C-18', 99000, 'AVAILABLE'),
(339, 1, 'S-C-19', 99000, 'AVAILABLE'),
(340, 1, 'S-C-20', 99000, 'AVAILABLE'),
(341, 1, 'S-C-21', 99000, 'AVAILABLE'),
(342, 1, 'S-C-22', 99000, 'AVAILABLE'),
(343, 1, 'S-C-23', 99000, 'AVAILABLE'),
(344, 1, 'S-C-24', 99000, 'AVAILABLE'),
(345, 1, 'S-C-25', 99000, 'AVAILABLE'),
(346, 1, 'S-C-26', 99000, 'AVAILABLE'),
(347, 1, 'S-C-27', 99000, 'AVAILABLE'),
(348, 1, 'S-C-28', 99000, 'AVAILABLE'),
(349, 1, 'S-C-29', 99000, 'AVAILABLE'),
(350, 1, 'S-C-30', 99000, 'AVAILABLE'),
(351, 1, 'S-C-31', 99000, 'AVAILABLE'),
(352, 1, 'S-C-32', 99000, 'AVAILABLE'),
(353, 1, 'S-C-33', 99000, 'AVAILABLE'),
(354, 1, 'S-C-34', 99000, 'AVAILABLE'),
(355, 1, 'S-C-35', 99000, 'AVAILABLE'),
(356, 1, 'S-C-36', 99000, 'AVAILABLE'),
(357, 1, 'S-C-37', 99000, 'AVAILABLE'),
(358, 1, 'S-C-38', 99000, 'AVAILABLE'),
(359, 1, 'S-C-39', 99000, 'AVAILABLE'),
(360, 1, 'S-C-40', 99000, 'AVAILABLE'),
(361, 2, 'V-A-1', 165000, 'AVAILABLE'),
(362, 2, 'V-A-2', 165000, 'AVAILABLE'),
(363, 2, 'V-A-3', 165000, 'AVAILABLE'),
(364, 2, 'V-A-4', 165000, 'AVAILABLE'),
(365, 2, 'V-A-5', 165000, 'AVAILABLE'),
(366, 2, 'V-A-6', 165000, 'AVAILABLE'),
(367, 2, 'V-A-7', 165000, 'AVAILABLE'),
(368, 2, 'V-A-8', 165000, 'AVAILABLE'),
(369, 2, 'V-A-9', 165000, 'AVAILABLE'),
(370, 2, 'V-A-10', 165000, 'AVAILABLE'),
(371, 2, 'V-A-11', 165000, 'AVAILABLE'),
(372, 2, 'V-A-12', 165000, 'AVAILABLE'),
(373, 2, 'V-A-13', 165000, 'AVAILABLE'),
(374, 2, 'V-A-14', 165000, 'AVAILABLE'),
(375, 2, 'V-A-15', 165000, 'AVAILABLE'),
(376, 2, 'V-A-16', 165000, 'AVAILABLE'),
(377, 2, 'V-A-17', 165000, 'AVAILABLE'),
(378, 2, 'V-A-18', 165000, 'AVAILABLE'),
(379, 2, 'V-A-19', 165000, 'AVAILABLE'),
(380, 2, 'V-A-20', 165000, 'AVAILABLE'),
(381, 2, 'V-A-21', 165000, 'AVAILABLE'),
(382, 2, 'V-A-22', 165000, 'AVAILABLE'),
(383, 2, 'V-A-23', 165000, 'AVAILABLE'),
(384, 2, 'V-A-24', 165000, 'AVAILABLE'),
(385, 2, 'V-A-25', 165000, 'AVAILABLE'),
(386, 2, 'V-A-26', 165000, 'AVAILABLE'),
(387, 2, 'V-A-27', 165000, 'AVAILABLE'),
(388, 2, 'V-A-28', 165000, 'AVAILABLE'),
(389, 2, 'V-A-29', 165000, 'AVAILABLE'),
(390, 2, 'V-A-30', 165000, 'AVAILABLE'),
(391, 2, 'V-A-31', 165000, 'AVAILABLE'),
(392, 2, 'V-A-32', 165000, 'AVAILABLE'),
(393, 2, 'V-A-33', 165000, 'AVAILABLE'),
(394, 2, 'V-A-34', 165000, 'AVAILABLE'),
(395, 2, 'V-A-35', 165000, 'AVAILABLE'),
(396, 2, 'V-A-36', 165000, 'AVAILABLE'),
(397, 2, 'V-A-37', 165000, 'AVAILABLE'),
(398, 2, 'V-A-38', 165000, 'AVAILABLE'),
(399, 2, 'V-A-39', 165000, 'AVAILABLE'),
(400, 2, 'V-A-40', 165000, 'AVAILABLE'),
(401, 2, 'V-B-1', 165000, 'AVAILABLE'),
(402, 2, 'V-B-2', 165000, 'AVAILABLE'),
(403, 2, 'V-B-3', 165000, 'AVAILABLE'),
(404, 2, 'V-B-4', 165000, 'AVAILABLE'),
(405, 2, 'V-B-5', 165000, 'AVAILABLE'),
(406, 2, 'V-B-6', 165000, 'AVAILABLE'),
(407, 2, 'V-B-7', 165000, 'AVAILABLE'),
(408, 2, 'V-B-8', 165000, 'AVAILABLE'),
(409, 2, 'V-B-9', 165000, 'AVAILABLE'),
(410, 2, 'V-B-10', 165000, 'AVAILABLE'),
(411, 2, 'V-B-11', 165000, 'AVAILABLE'),
(412, 2, 'V-B-12', 165000, 'AVAILABLE'),
(413, 2, 'V-B-13', 165000, 'AVAILABLE'),
(414, 2, 'V-B-14', 165000, 'AVAILABLE'),
(415, 2, 'V-B-15', 165000, 'AVAILABLE'),
(416, 2, 'V-B-16', 165000, 'AVAILABLE'),
(417, 2, 'V-B-17', 165000, 'AVAILABLE'),
(418, 2, 'V-B-18', 165000, 'AVAILABLE'),
(419, 2, 'V-B-19', 165000, 'AVAILABLE'),
(420, 2, 'V-B-20', 165000, 'AVAILABLE'),
(421, 2, 'V-B-21', 165000, 'AVAILABLE'),
(422, 2, 'V-B-22', 165000, 'AVAILABLE'),
(423, 2, 'V-B-23', 165000, 'AVAILABLE'),
(424, 2, 'V-B-24', 165000, 'AVAILABLE'),
(425, 2, 'V-B-25', 165000, 'AVAILABLE'),
(426, 2, 'V-B-26', 165000, 'AVAILABLE'),
(427, 2, 'V-B-27', 165000, 'AVAILABLE'),
(428, 2, 'V-B-28', 165000, 'AVAILABLE'),
(429, 2, 'V-B-29', 165000, 'AVAILABLE'),
(430, 2, 'V-B-30', 165000, 'AVAILABLE'),
(431, 2, 'V-B-31', 165000, 'AVAILABLE'),
(432, 2, 'V-B-32', 165000, 'AVAILABLE'),
(433, 2, 'V-B-33', 165000, 'AVAILABLE'),
(434, 2, 'V-B-34', 165000, 'AVAILABLE'),
(435, 2, 'V-B-35', 165000, 'AVAILABLE'),
(436, 2, 'V-B-36', 165000, 'AVAILABLE'),
(437, 2, 'V-B-37', 165000, 'AVAILABLE'),
(438, 2, 'V-B-38', 165000, 'AVAILABLE'),
(439, 2, 'V-B-39', 165000, 'AVAILABLE'),
(440, 2, 'V-B-40', 165000, 'AVAILABLE'),
(441, 2, 'V-C-1', 165000, 'AVAILABLE'),
(442, 2, 'V-C-2', 165000, 'AVAILABLE'),
(443, 2, 'V-C-3', 165000, 'AVAILABLE'),
(444, 2, 'V-C-4', 165000, 'AVAILABLE'),
(445, 2, 'V-C-5', 165000, 'AVAILABLE'),
(446, 2, 'V-C-6', 165000, 'AVAILABLE'),
(447, 2, 'V-C-7', 165000, 'AVAILABLE'),
(448, 2, 'V-C-8', 165000, 'AVAILABLE'),
(449, 2, 'V-C-9', 165000, 'AVAILABLE'),
(450, 2, 'V-C-10', 165000, 'AVAILABLE'),
(451, 2, 'V-C-11', 165000, 'AVAILABLE'),
(452, 2, 'V-C-12', 165000, 'AVAILABLE'),
(453, 2, 'V-C-13', 165000, 'AVAILABLE'),
(454, 2, 'V-C-14', 165000, 'AVAILABLE'),
(455, 2, 'V-C-15', 165000, 'AVAILABLE'),
(456, 2, 'V-C-16', 165000, 'AVAILABLE'),
(457, 2, 'V-C-17', 165000, 'AVAILABLE'),
(458, 2, 'V-C-18', 165000, 'AVAILABLE'),
(459, 2, 'V-C-19', 165000, 'AVAILABLE'),
(460, 2, 'V-C-20', 165000, 'AVAILABLE'),
(461, 2, 'V-C-21', 165000, 'AVAILABLE'),
(462, 2, 'V-C-22', 165000, 'AVAILABLE'),
(463, 2, 'V-C-23', 165000, 'AVAILABLE'),
(464, 2, 'V-C-24', 165000, 'AVAILABLE'),
(465, 2, 'V-C-25', 165000, 'AVAILABLE'),
(466, 2, 'V-C-26', 165000, 'AVAILABLE'),
(467, 2, 'V-C-27', 165000, 'AVAILABLE'),
(468, 2, 'V-C-28', 165000, 'AVAILABLE'),
(469, 2, 'V-C-29', 165000, 'AVAILABLE'),
(470, 2, 'V-C-30', 165000, 'AVAILABLE'),
(471, 2, 'V-C-31', 165000, 'AVAILABLE'),
(472, 2, 'V-C-32', 165000, 'AVAILABLE'),
(473, 2, 'V-C-33', 165000, 'AVAILABLE'),
(474, 2, 'V-C-34', 165000, 'AVAILABLE'),
(475, 2, 'V-C-35', 165000, 'AVAILABLE'),
(476, 2, 'V-C-36', 165000, 'AVAILABLE'),
(477, 2, 'V-C-37', 165000, 'AVAILABLE'),
(478, 2, 'V-C-38', 165000, 'AVAILABLE'),
(479, 2, 'V-C-39', 165000, 'AVAILABLE'),
(480, 2, 'V-C-40', 165000, 'AVAILABLE'),
(481, 2, 'R-A-1', 132000, 'AVAILABLE'),
(482, 2, 'R-A-2', 132000, 'AVAILABLE'),
(483, 2, 'R-A-3', 132000, 'AVAILABLE'),
(484, 2, 'R-A-4', 132000, 'AVAILABLE'),
(485, 2, 'R-A-5', 132000, 'AVAILABLE'),
(486, 2, 'R-A-6', 132000, 'AVAILABLE'),
(487, 2, 'R-A-7', 132000, 'AVAILABLE'),
(488, 2, 'R-A-8', 132000, 'AVAILABLE'),
(489, 2, 'R-A-9', 132000, 'AVAILABLE'),
(490, 2, 'R-A-10', 132000, 'AVAILABLE'),
(491, 2, 'R-A-11', 132000, 'AVAILABLE'),
(492, 2, 'R-A-12', 132000, 'AVAILABLE'),
(493, 2, 'R-A-13', 132000, 'AVAILABLE'),
(494, 2, 'R-A-14', 132000, 'AVAILABLE'),
(495, 2, 'R-A-15', 132000, 'AVAILABLE'),
(496, 2, 'R-A-16', 132000, 'AVAILABLE'),
(497, 2, 'R-A-17', 132000, 'AVAILABLE'),
(498, 2, 'R-A-18', 132000, 'AVAILABLE'),
(499, 2, 'R-A-19', 132000, 'AVAILABLE'),
(500, 2, 'R-A-20', 132000, 'AVAILABLE'),
(501, 2, 'R-A-21', 132000, 'AVAILABLE'),
(502, 2, 'R-A-22', 132000, 'AVAILABLE'),
(503, 2, 'R-A-23', 132000, 'AVAILABLE'),
(504, 2, 'R-A-24', 132000, 'AVAILABLE'),
(505, 2, 'R-A-25', 132000, 'AVAILABLE'),
(506, 2, 'R-A-26', 132000, 'AVAILABLE'),
(507, 2, 'R-A-27', 132000, 'AVAILABLE'),
(508, 2, 'R-A-28', 132000, 'AVAILABLE'),
(509, 2, 'R-A-29', 132000, 'AVAILABLE'),
(510, 2, 'R-A-30', 132000, 'AVAILABLE'),
(511, 2, 'R-A-31', 132000, 'AVAILABLE'),
(512, 2, 'R-A-32', 132000, 'AVAILABLE'),
(513, 2, 'R-A-33', 132000, 'AVAILABLE'),
(514, 2, 'R-A-34', 132000, 'AVAILABLE'),
(515, 2, 'R-A-35', 132000, 'AVAILABLE'),
(516, 2, 'R-A-36', 132000, 'AVAILABLE'),
(517, 2, 'R-A-37', 132000, 'AVAILABLE'),
(518, 2, 'R-A-38', 132000, 'AVAILABLE'),
(519, 2, 'R-A-39', 132000, 'AVAILABLE'),
(520, 2, 'R-A-40', 132000, 'AVAILABLE'),
(521, 2, 'R-B-1', 132000, 'AVAILABLE'),
(522, 2, 'R-B-2', 132000, 'AVAILABLE'),
(523, 2, 'R-B-3', 132000, 'AVAILABLE'),
(524, 2, 'R-B-4', 132000, 'AVAILABLE'),
(525, 2, 'R-B-5', 132000, 'AVAILABLE'),
(526, 2, 'R-B-6', 132000, 'AVAILABLE'),
(527, 2, 'R-B-7', 132000, 'AVAILABLE'),
(528, 2, 'R-B-8', 132000, 'AVAILABLE'),
(529, 2, 'R-B-9', 132000, 'AVAILABLE'),
(530, 2, 'R-B-10', 132000, 'AVAILABLE'),
(531, 2, 'R-B-11', 132000, 'AVAILABLE'),
(532, 2, 'R-B-12', 132000, 'AVAILABLE'),
(533, 2, 'R-B-13', 132000, 'AVAILABLE'),
(534, 2, 'R-B-14', 132000, 'AVAILABLE'),
(535, 2, 'R-B-15', 132000, 'AVAILABLE'),
(536, 2, 'R-B-16', 132000, 'AVAILABLE'),
(537, 2, 'R-B-17', 132000, 'AVAILABLE'),
(538, 2, 'R-B-18', 132000, 'AVAILABLE'),
(539, 2, 'R-B-19', 132000, 'AVAILABLE'),
(540, 2, 'R-B-20', 132000, 'AVAILABLE'),
(541, 2, 'R-B-21', 132000, 'AVAILABLE'),
(542, 2, 'R-B-22', 132000, 'AVAILABLE'),
(543, 2, 'R-B-23', 132000, 'AVAILABLE'),
(544, 2, 'R-B-24', 132000, 'AVAILABLE'),
(545, 2, 'R-B-25', 132000, 'AVAILABLE'),
(546, 2, 'R-B-26', 132000, 'AVAILABLE'),
(547, 2, 'R-B-27', 132000, 'AVAILABLE'),
(548, 2, 'R-B-28', 132000, 'AVAILABLE'),
(549, 2, 'R-B-29', 132000, 'AVAILABLE'),
(550, 2, 'R-B-30', 132000, 'AVAILABLE'),
(551, 2, 'R-B-31', 132000, 'AVAILABLE'),
(552, 2, 'R-B-32', 132000, 'AVAILABLE'),
(553, 2, 'R-B-33', 132000, 'AVAILABLE'),
(554, 2, 'R-B-34', 132000, 'AVAILABLE'),
(555, 2, 'R-B-35', 132000, 'AVAILABLE'),
(556, 2, 'R-B-36', 132000, 'AVAILABLE'),
(557, 2, 'R-B-37', 132000, 'AVAILABLE'),
(558, 2, 'R-B-38', 132000, 'AVAILABLE'),
(559, 2, 'R-B-39', 132000, 'AVAILABLE'),
(560, 2, 'R-B-40', 132000, 'AVAILABLE'),
(561, 2, 'R-C-1', 132000, 'AVAILABLE'),
(562, 2, 'R-C-2', 132000, 'AVAILABLE'),
(563, 2, 'R-C-3', 132000, 'AVAILABLE'),
(564, 2, 'R-C-4', 132000, 'AVAILABLE'),
(565, 2, 'R-C-5', 132000, 'AVAILABLE'),
(566, 2, 'R-C-6', 132000, 'AVAILABLE'),
(567, 2, 'R-C-7', 132000, 'AVAILABLE'),
(568, 2, 'R-C-8', 132000, 'AVAILABLE'),
(569, 2, 'R-C-9', 132000, 'AVAILABLE'),
(570, 2, 'R-C-10', 132000, 'AVAILABLE'),
(571, 2, 'R-C-11', 132000, 'AVAILABLE'),
(572, 2, 'R-C-12', 132000, 'AVAILABLE'),
(573, 2, 'R-C-13', 132000, 'AVAILABLE'),
(574, 2, 'R-C-14', 132000, 'AVAILABLE'),
(575, 2, 'R-C-15', 132000, 'AVAILABLE'),
(576, 2, 'R-C-16', 132000, 'AVAILABLE'),
(577, 2, 'R-C-17', 132000, 'AVAILABLE'),
(578, 2, 'R-C-18', 132000, 'AVAILABLE'),
(579, 2, 'R-C-19', 132000, 'AVAILABLE'),
(580, 2, 'R-C-20', 132000, 'AVAILABLE'),
(581, 2, 'R-C-21', 132000, 'AVAILABLE'),
(582, 2, 'R-C-22', 132000, 'AVAILABLE'),
(583, 2, 'R-C-23', 132000, 'AVAILABLE'),
(584, 2, 'R-C-24', 132000, 'AVAILABLE'),
(585, 2, 'R-C-25', 132000, 'AVAILABLE'),
(586, 2, 'R-C-26', 132000, 'AVAILABLE'),
(587, 2, 'R-C-27', 132000, 'AVAILABLE'),
(588, 2, 'R-C-28', 132000, 'AVAILABLE'),
(589, 2, 'R-C-29', 132000, 'AVAILABLE'),
(590, 2, 'R-C-30', 132000, 'AVAILABLE'),
(591, 2, 'R-C-31', 132000, 'AVAILABLE'),
(592, 2, 'R-C-32', 132000, 'AVAILABLE'),
(593, 2, 'R-C-33', 132000, 'AVAILABLE'),
(594, 2, 'R-C-34', 132000, 'AVAILABLE'),
(595, 2, 'R-C-35', 132000, 'AVAILABLE'),
(596, 2, 'R-C-36', 132000, 'AVAILABLE'),
(597, 2, 'R-C-37', 132000, 'AVAILABLE'),
(598, 2, 'R-C-38', 132000, 'AVAILABLE'),
(599, 2, 'R-C-39', 132000, 'AVAILABLE'),
(600, 2, 'R-C-40', 132000, 'AVAILABLE'),
(601, 2, 'S-A-1', 99000, 'AVAILABLE'),
(602, 2, 'S-A-2', 99000, 'AVAILABLE'),
(603, 2, 'S-A-3', 99000, 'AVAILABLE'),
(604, 2, 'S-A-4', 99000, 'AVAILABLE'),
(605, 2, 'S-A-5', 99000, 'AVAILABLE'),
(606, 2, 'S-A-6', 99000, 'AVAILABLE'),
(607, 2, 'S-A-7', 99000, 'AVAILABLE'),
(608, 2, 'S-A-8', 99000, 'AVAILABLE'),
(609, 2, 'S-A-9', 99000, 'AVAILABLE'),
(610, 2, 'S-A-10', 99000, 'AVAILABLE'),
(611, 2, 'S-A-11', 99000, 'AVAILABLE'),
(612, 2, 'S-A-12', 99000, 'AVAILABLE'),
(613, 2, 'S-A-13', 99000, 'AVAILABLE'),
(614, 2, 'S-A-14', 99000, 'AVAILABLE'),
(615, 2, 'S-A-15', 99000, 'AVAILABLE'),
(616, 2, 'S-A-16', 99000, 'AVAILABLE'),
(617, 2, 'S-A-17', 99000, 'AVAILABLE'),
(618, 2, 'S-A-18', 99000, 'AVAILABLE'),
(619, 2, 'S-A-19', 99000, 'AVAILABLE'),
(620, 2, 'S-A-20', 99000, 'AVAILABLE'),
(621, 2, 'S-A-21', 99000, 'AVAILABLE'),
(622, 2, 'S-A-22', 99000, 'AVAILABLE'),
(623, 2, 'S-A-23', 99000, 'AVAILABLE'),
(624, 2, 'S-A-24', 99000, 'AVAILABLE'),
(625, 2, 'S-A-25', 99000, 'AVAILABLE'),
(626, 2, 'S-A-26', 99000, 'AVAILABLE'),
(627, 2, 'S-A-27', 99000, 'AVAILABLE'),
(628, 2, 'S-A-28', 99000, 'AVAILABLE'),
(629, 2, 'S-A-29', 99000, 'AVAILABLE'),
(630, 2, 'S-A-30', 99000, 'AVAILABLE'),
(631, 2, 'S-A-31', 99000, 'AVAILABLE'),
(632, 2, 'S-A-32', 99000, 'AVAILABLE'),
(633, 2, 'S-A-33', 99000, 'AVAILABLE'),
(634, 2, 'S-A-34', 99000, 'AVAILABLE'),
(635, 2, 'S-A-35', 99000, 'AVAILABLE'),
(636, 2, 'S-A-36', 99000, 'AVAILABLE'),
(637, 2, 'S-A-37', 99000, 'AVAILABLE'),
(638, 2, 'S-A-38', 99000, 'AVAILABLE'),
(639, 2, 'S-A-39', 99000, 'AVAILABLE'),
(640, 2, 'S-A-40', 99000, 'AVAILABLE'),
(641, 2, 'S-B-1', 99000, 'AVAILABLE'),
(642, 2, 'S-B-2', 99000, 'AVAILABLE'),
(643, 2, 'S-B-3', 99000, 'AVAILABLE'),
(644, 2, 'S-B-4', 99000, 'AVAILABLE'),
(645, 2, 'S-B-5', 99000, 'AVAILABLE'),
(646, 2, 'S-B-6', 99000, 'AVAILABLE'),
(647, 2, 'S-B-7', 99000, 'AVAILABLE'),
(648, 2, 'S-B-8', 99000, 'AVAILABLE'),
(649, 2, 'S-B-9', 99000, 'AVAILABLE'),
(650, 2, 'S-B-10', 99000, 'AVAILABLE'),
(651, 2, 'S-B-11', 99000, 'AVAILABLE'),
(652, 2, 'S-B-12', 99000, 'AVAILABLE'),
(653, 2, 'S-B-13', 99000, 'AVAILABLE'),
(654, 2, 'S-B-14', 99000, 'AVAILABLE'),
(655, 2, 'S-B-15', 99000, 'AVAILABLE'),
(656, 2, 'S-B-16', 99000, 'AVAILABLE'),
(657, 2, 'S-B-17', 99000, 'AVAILABLE'),
(658, 2, 'S-B-18', 99000, 'AVAILABLE'),
(659, 2, 'S-B-19', 99000, 'AVAILABLE'),
(660, 2, 'S-B-20', 99000, 'AVAILABLE'),
(661, 2, 'S-B-21', 99000, 'AVAILABLE'),
(662, 2, 'S-B-22', 99000, 'AVAILABLE'),
(663, 2, 'S-B-23', 99000, 'AVAILABLE'),
(664, 2, 'S-B-24', 99000, 'AVAILABLE'),
(665, 2, 'S-B-25', 99000, 'AVAILABLE'),
(666, 2, 'S-B-26', 99000, 'AVAILABLE'),
(667, 2, 'S-B-27', 99000, 'AVAILABLE'),
(668, 2, 'S-B-28', 99000, 'AVAILABLE'),
(669, 2, 'S-B-29', 99000, 'AVAILABLE'),
(670, 2, 'S-B-30', 99000, 'AVAILABLE'),
(671, 2, 'S-B-31', 99000, 'AVAILABLE'),
(672, 2, 'S-B-32', 99000, 'AVAILABLE'),
(673, 2, 'S-B-33', 99000, 'AVAILABLE'),
(674, 2, 'S-B-34', 99000, 'AVAILABLE'),
(675, 2, 'S-B-35', 99000, 'AVAILABLE'),
(676, 2, 'S-B-36', 99000, 'AVAILABLE'),
(677, 2, 'S-B-37', 99000, 'AVAILABLE'),
(678, 2, 'S-B-38', 99000, 'AVAILABLE'),
(679, 2, 'S-B-39', 99000, 'AVAILABLE'),
(680, 2, 'S-B-40', 99000, 'AVAILABLE'),
(681, 2, 'S-C-1', 99000, 'AVAILABLE'),
(682, 2, 'S-C-2', 99000, 'AVAILABLE'),
(683, 2, 'S-C-3', 99000, 'AVAILABLE'),
(684, 2, 'S-C-4', 99000, 'AVAILABLE'),
(685, 2, 'S-C-5', 99000, 'AVAILABLE'),
(686, 2, 'S-C-6', 99000, 'AVAILABLE'),
(687, 2, 'S-C-7', 99000, 'AVAILABLE'),
(688, 2, 'S-C-8', 99000, 'AVAILABLE'),
(689, 2, 'S-C-9', 99000, 'AVAILABLE'),
(690, 2, 'S-C-10', 99000, 'AVAILABLE'),
(691, 2, 'S-C-11', 99000, 'AVAILABLE'),
(692, 2, 'S-C-12', 99000, 'AVAILABLE'),
(693, 2, 'S-C-13', 99000, 'AVAILABLE'),
(694, 2, 'S-C-14', 99000, 'AVAILABLE'),
(695, 2, 'S-C-15', 99000, 'AVAILABLE'),
(696, 2, 'S-C-16', 99000, 'AVAILABLE'),
(697, 2, 'S-C-17', 99000, 'AVAILABLE'),
(698, 2, 'S-C-18', 99000, 'AVAILABLE'),
(699, 2, 'S-C-19', 99000, 'AVAILABLE'),
(700, 2, 'S-C-20', 99000, 'AVAILABLE'),
(701, 2, 'S-C-21', 99000, 'AVAILABLE'),
(702, 2, 'S-C-22', 99000, 'AVAILABLE'),
(703, 2, 'S-C-23', 99000, 'AVAILABLE'),
(704, 2, 'S-C-24', 99000, 'AVAILABLE'),
(705, 2, 'S-C-25', 99000, 'AVAILABLE'),
(706, 2, 'S-C-26', 99000, 'AVAILABLE'),
(707, 2, 'S-C-27', 99000, 'AVAILABLE'),
(708, 2, 'S-C-28', 99000, 'AVAILABLE'),
(709, 2, 'S-C-29', 99000, 'AVAILABLE'),
(710, 2, 'S-C-30', 99000, 'AVAILABLE'),
(711, 2, 'S-C-31', 99000, 'AVAILABLE'),
(712, 2, 'S-C-32', 99000, 'AVAILABLE'),
(713, 2, 'S-C-33', 99000, 'AVAILABLE'),
(714, 2, 'S-C-34', 99000, 'AVAILABLE'),
(715, 2, 'S-C-35', 99000, 'AVAILABLE'),
(716, 2, 'S-C-36', 99000, 'AVAILABLE'),
(717, 2, 'S-C-37', 99000, 'AVAILABLE'),
(718, 2, 'S-C-38', 99000, 'AVAILABLE'),
(719, 2, 'S-C-39', 99000, 'AVAILABLE'),
(720, 2, 'S-C-40', 99000, 'AVAILABLE');
